Workbook

Sheet Form responses 1
A1: Timestamp | B1: A1. The journaling activity in the room I am in helped me understand my own emotions better. | C1: A2. The lighting conditions of the room I was in reflected my emotional state while I was writing. | D1: A3. The environment of the room I was in helped me process my thoughts or emotions. | E1: A4. The atmosphere of the room I was in supported the topic I was journaling about. | F1: A5. The environment of the room I am in helped create a space where I felt comfortable reflecting on difficult emotions. | G1: A6. The environment of the room I am in contributed positively and actively to my emotional experience during the task. | H1: A7. The environment of the room I am in felt responsive to me while I was writing. | I1: A8. The lighting in the room I am in appeared to react in a meaningful way to my feelings. | J1: A9. The lighting setup in the room I am in was sufficient for basic task performance, regardless of how it made me feel. | K1: A10. The lighting conditions in the room I am in influenced how I experienced the journaling task overall. | L1: B1. The journaling activity in the room I am in helped me understand my own emotions better. | M1: B2. The lighting conditions of the room I was in reflected my emotional state while I was writing. | N1: B3. The environment of the room I was in helped me process my thoughts or emotions. | O1: B4. The atmosphere of the room I was in supported the topic I was journaling about. | P1: B5. The environment of the room I am in helped create a space where I felt comfortable reflecting on difficult emotions. | Q1: B6. The environment of the room I am in contributed positively and actively to my emotional experience during the task. | R1: B7. The environment of the room I am in felt responsive to me while I was writing. | S1: B8. The lighting in the room I am in appeared to react in a meaningful way to my feelings. | T1: B9. The lighting setup in the room I am in was sufficient for basic task performance, regardless of how it made me feel. | U1: B10. The lighting conditions in the room I am in influenced how I experienced the journaling task overall. | V1: 1. I think that I would like to use MoodUp frequently. | W1: 2. I found MoodUp unnecessarily complex. | X1: 3. I thought MoodUp was easy to use. | Y1: 4. I think that I would need the support of a technical person to be able to use MoodUp. | Z1: 5. I found the various functions in MoodUp were well integrated. | AA1: 6. I thought there was too much inconsistency in MoodUp. | AB1: 7. I would imagine that most people would learn to use MoodUp very quickly. | AC1: 8. I found MoodUp very awkward to use. | AD1: 9. I felt very confident using MoodUp. | AE1: 10. I need to learn a lot of things before I could get going with MoodUp. | AF1: 1. Age range | AG1: 2. Gender | AH1: 3. Have you previously used smart lighting systems? | AI1: 4. Would you be interested in using a smart system that explicitly focuses on improving your emotional wellbeing? | AJ1: 5. If you used this system long-term, which component would provide the most value to you? | AK1: 6. Did you like being in the room where it happened? | AL1: 6. Additional comments and observations, any feedback is good feedback:
A2: 46184.707 | B2: 5 | C2: 2 | D2: 1 | E2: 3 | F2: 2 | G2: 2 | H2: 1 | I2: 1 | J2: 4 | K2: 3 | L2: 5 | M2: 4 | N2: 5 | O2: 5 | P2: 5 | Q2: 5 | R2: 5 | S2: 5 | T2: 5 | U2: 4 | V2: 5 | W2: 2 | X2: 5 | Y2: 1 | Z2: 4 | AA2: 1 | AB2: 5 | AC2: 1 | AD2: 5 | AE2: 1 | AF2: 21-25 | AG2: Female | AH2: Yes | AI2: Yes | AJ2: Both | AK2: Yes | AL2: good work!
A3: 46184.71 | B3: 3 | C3: 2 | D3: 1 | E3: 1 | F3: 3 | G3: 1 | H3: 1 | I3: 2 | J3: 4 | K3: 2 | L3: 4 | M3: 4 | N3: 5 | O3: 3 | P3: 4 | Q3: 5 | R3: 4 | S3: 4 | T3: 5 | U3: 4 | V3: 4 | W3: 2 | X3: 5 | Y3: 1 | Z3: 4 | AA3: 1 | AB3: 5 | AC3: 2 | AD3: 5 | AE3: 1 | AF3: Under 20 | AG3: Male | AH3: No | AI3: Maybe | AJ3: The device that changes colours dynamically | AK3: click boom, then it happened | AL3: very cool, 10/10
A4: 46184.716 | B4: 3 | C4: 1 | D4: 1 | E4: 2 | F4: 3 | G4: 2 | H4: 1 | I4: 1 | J4: 5 | K4: 3 | L4: 4 | M4: 4 | N4: 4 | O4: 5 | P4: 4 | Q4: 5 | R4: 5 | S4: 5 | T4: 5 | U4: 5 | V4: 4 | W4: 1 | X4: 5 | Y4: 1 | Z4: 5 | AA4: 1 | AB4: 4 | AC4: 1 | AD4: 5 | AE4: 1 | AF4: 51-60 | AG4: Male | AH4: Yes | AI4: Maybe | AJ4: Both | AK4: Yes | AL4: congratulations for the project
A5: 46184.719 | B5: 5 | C5: 2 | D5: 1 | E5: 1 | F5: 3 | G5: 2 | H5: 1 | I5: 1 | J5: 4 | K5: 3 | L5: 5 | M5: 5 | N5: 4 | O5: 5 | P5: 5 | Q5: 5 | R5: 5 | S5: 5 | T5: 4 | U5: 5 | V5: 5 | W5: 1 | X5: 5 | Y5: 2 | Z5: 5 | AA5: 1 | AB5: 4 | AC5: 1 | AD5: 5 | AE5: 2 | AF5: 51-60 | AG5: Female | AH5: No | AI5: Yes | AJ5: Both | AK5: Yes | AL5: the best smart light i've ever seen
A6: 46184.74 | B6: 5 | C6: 5 | D6: 5 | E6: 5 | F6: 5 | G6: 5 | H6: 5 | I6: 5 | J6: 5 | K6: 5 | L6: 5 | M6: 5 | N6: 5 | O6: 5 | P6: 5 | Q6: 5 | R6: 5 | S6: 5 | T6: 5 | U6: 5 | V6: 5 | W6: 1 | X6: 5 | Y6: 1 | Z6: 5 | AA6: 1 | AB6: 5 | AC6: 1 | AD6: 5 | AE6: 1 | AF6: 21-25 | AG6: Male | AH6: Yes | AI6: Yes | AJ6: Both | AK6: Yes
A7: 46184.747 | B7: 2 | C7: 1 | D7: 2 | E7: 1 | F7: 2 | G7: 1 | H7: 1 | I7: 1 | J7: 2 | K7: 2 | L7: 5 | M7: 5 | N7: 4 | O7: 5 | P7: 5 | Q7: 4 | R7: 5 | S7: 5 | T7: 5 | U7: 4 | V7: 5 | W7: 1 | X7: 5 | Y7: 1 | Z7: 5 | AA7: 1 | AB7: 5 | AC7: 1 | AD7: 5 | AE7: 1 | AF7: 21-25 | AG7: Male | AH7: Yes | AI7: Yes | AJ7: Both | AK7: Yes
A8: 46184.753 | B8: 2 | C8: 1 | D8: 2 | E8: 1 | F8: 2 | G8: 2 | H8: 2 | I8: 1 | J8: 3 | K8: 2 | L8: 4 | M8: 4 | N8: 4 | O8: 4 | P8: 5 | Q8: 4 | R8: 5 | S8: 5 | T8: 4 | U8: 4 | V8: 4 | W8: 1 | X8: 5 | Y8: 1 | Z8: 4 | AA8: 1 | AB8: 4 | AC8: 1 | AD8: 4 | AE8: 2 | AF8: 21-25 | AG8: Female | AH8: No | AI8: Yes | AJ8: Both | AK8: Yes
A9: 46184.754 | B9: 2 | C9: 1 | D9: 2 | E9: 1 | F9: 2 | G9: 2 | H9: 1 | I9: 1 | J9: 1 | K9: 1 | L9: 4 | M9: 5 | N9: 4 | O9: 4 | P9: 5 | Q9: 4 | R9: 4 | S9: 5 | T9: 4 | U9: 5 | V9: 4 | W9: 1 | X9: 5 | Y9: 1 | Z9: 5 | AA9: 1 | AB9: 5 | AC9: 1 | AD9: 5 | AE9: 1 | AF9: 21-25 | AG9: Female | AH9: No | AI9: Yes | AJ9: Both | AK9: Yes
A10: 46184.826 | B10: 4 | C10: 2 | D10: 2 | E10: 1 | F10: 1 | G10: 2 | H10: 1 | I10: 3 | J10: 4 | K10: 4 | L10: 5 | M10: 5 | N10: 5 | O10: 5 | P10: 5 | Q10: 5 | R10: 5 | S10: 4 | T10: 4 | U10: 5 | V10: 4 | W10: 1 | X10: 5 | Y10: 1 | Z10: 5 | AA10: 1 | AB10: 4 | AC10: 1 | AD10: 5 | AE10: 1 | AF10: 26-30 | AG10: Female | AH10: Yes | AI10: Yes | AJ10: The device that changes colours dynamically | AK10: Yes
A11: 46184.995 | B11: 4 | C11: 3 | D11: 3 | E11: 3 | F11: 3 | G11: 3 | H11: 3 | I11: 2 | J11: 4 | K11: 2 | L11: 4 | M11: 5 | N11: 4 | O11: 4 | P11: 5 | Q11: 5 | R11: 5 | S11: 5 | T11: 4 | U11: 5 | V11: 5 | W11: 1 | X11: 4 | Y11: 1 | Z11: 5 | AA11: 1 | AB11: 4 | AC11: 1 | AD11: 4 | AE11: 1 | AF11: 21-25 | AG11: Male | AH11: No | AI11: Maybe | AJ11: Both | AK11: Yes
A12: 46185.522 | B12: 5 | C12: 5 | D12: 5 | E12: 5 | F12: 5 | G12: 5 | H12: 5 | I12: 5 | J12: 4 | K12: 4 | L12: 5 | M12: 5 | N12: 5 | O12: 5 | P12: 5 | Q12: 4 | R12: 5 | S12: 5 | T12: 4 | U12: 4 | V12: 5 | W12: 1 | X12: 5 | Y12: 1 | Z12: 5 | AA12: 1 | AB12: 5 | AC12: 1 | AD12: 5 | AE12: 1 | AF12: 21-25 | AG12: Female | AH12: No | AI12: Yes | AJ12: Both | AK12: Yes | AL12: This is a genuinely creative and thoughtful project, combining journaling with real-time sentiment analysis and ambient lighting is a really elegant idea. The concept of translating emotional tone into something physical and environmental feels both innovative and deeply human. It’s the kind of project that could actually make a meaningful difference in someone’s daily routine. Great execution on a unique idea!
A13: 46185.609 | B13: 5 | C13: 5 | D13: 5 | E13: 5 | F13: 5 | G13: 5 | H13: 5 | I13: 5 | J13: 5 | K13: 5 | L13: 5 | M13: 5 | N13: 5 | O13: 5 | P13: 5 | Q13: 5 | R13: 5 | S13: 5 | T13: 5 | U13: 5 | V13: 5 | W13: 1 | X13: 5 | Y13: 1 | Z13: 5 | AA13: 1 | AB13: 5 | AC13: 1 | AD13: 5 | AE13: 1 | AF13: 21-25 | AG13: Female | AH13: Yes | AI13: Yes | AJ13: Both | AK13: Yes | AL13: Great experience!
A14: 46186.064 | B14: 4 | C14: 3 | D14: 4 | E14: 3 | F14: 5 | G14: 4 | H14: 4 | I14: 5 | J14: 4 | K14: 5 | L14: 5 | M14: 4 | N14: 4 | O14: 5 | P14: 4 | Q14: 4 | R14: 5 | S14: 4 | T14: 4 | U14: 5 | V14: 4 | W14: 2 | X14: 4 | Y14: 3 | Z14: 4 | AA14: 2 | AB14: 4 | AC14: 1 | AD14: 4 | AE14: 2 | AF14: 21-25 | AG14: Male | AH14: Yes | AI14: Yes | AJ14: Both | AK14: Yes
A15: 46186.073 | B15: 5 | C15: 5 | D15: 5 | E15: 4 | F15: 4 | G15: 5 | H15: 5 | I15: 5 | J15: 4 | K15: 5 | L15: 5 | M15: 4 | N15: 4 | O15: 5 | P15: 4 | Q15: 5 | R15: 5 | S15: 5 | T15: 5 | U15: 5 | V15: 5 | W15: 1 | X15: 5 | Y15: 1 | Z15: 5 | AA15: 1 | AB15: 5 | AC15: 1 | AD15: 5 | AE15: 1 | AF15: 21-25 | AG15: Female | AH15: No | AI15: Yes | AJ15: Both | AK15: Yes | AL15: Such a nice app very intuitive and easy to use. Makes my emotions stable when i feel bad and helps me understand my emotions. The light influences well how i feel in that moment.
A16: 46186.644 | B16: 2 | C16: 1 | D16: 2 | E16: 1 | F16: 1 | G16: 1 | H16: 1 | I16: 1 | J16: 3 | K16: 1 | L16: 4 | M16: 5 | N16: 4 | O16: 4 | P16: 5 | Q16: 5 | R16: 5 | S16: 5 | T16: 5 | U16: 4 | V16: 4 | W16: 1 | X16: 5 | Y16: 1 | Z16: 5 | AA16: 1 | AB16: 4 | AC16: 1 | AD16: 4 | AE16: 1 | AF16: 31-40 | AG16: Female | AH16: No | AI16: Yes | AJ16: Both | AK16: Yes
A17: 46186.74 | B17: 2 | C17: 1 | D17: 2 | E17: 2 | F17: 1 | G17: 2 | H17: 2 | I17: 2 | J17: 3 | K17: 2 | L17: 5 | M17: 4 | N17: 4 | O17: 5 | P17: 4 | Q17: 5 | R17: 4 | S17: 4 | T17: 4 | U17: 5 | V17: 4 | W17: 5 | X17: 4 | Y17: 5 | Z17: 4 | AA17: 5 | AB17: 4 | AC17: 5 | AD17: 4 | AE17: 4 | AF17: 21-25 | AG17: Female | AH17: No | AI17: Yes | AJ17: Both | AK17: Yes
A18: 46186.779 | B18: 4 | C18: 3 | D18: 1 | E18: 2 | F18: 1 | G18: 1 | H18: 2 | I18: 2 | J18: 5 | K18: 4 | L18: 3 | M18: 3 | N18: 3 | O18: 3 | P18: 3 | Q18: 3 | R18: 3 | S18: 3 | T18: 3 | U18: 3 | V18: 3 | W18: 1 | X18: 5 | Y18: 2 | Z18: 5 | AA18: 2 | AB18: 5 | AC18: 1 | AD18: 5 | AE18: 1 | AF18: 31-40 | AG18: Male | AH18: Yes | AI18: Maybe | AJ18: The mobile app and mood analysis | AK18: Maybe
A20: Question | B20: A1 | C20: A2 | D20: A3 | E20: A4 | F20: A5 | G20: A6 | H20: A7 | I20: A8 | J20: A9 | K20: A10
A21: Average response
A23: Question | B23: B1 | C23: B2 | D23: B3 | E23: B4 | F23: B5 | G23: B6 | H23: B7 | I23: B8 | J23: B9 | K23: B10
A24: Average response

Sheet Averages Table
C7: Question | D7: 1 | E7: 2 | F7: 3 | G7: 4 | H7: 5 | I7: 6 | J7: 7 | K7: 8 | L7: 9 | M7: 10
C8: Scenario A | D8: =ROUND(AVERAGE('Form responses 1'!B2:B18),2) -> 3.65 | E8: =ROUND(AVERAGE('Form responses 1'!C2:C18),2) -> 2.53 | F8: =ROUND(AVERAGE('Form responses 1'!D2:D18),2) -> 2.59 | G8: =ROUND(AVERAGE('Form responses 1'!E2:E18),2) -> 2.41 | H8: =ROUND(AVERAGE('Form responses 1'!F2:F18),2) -> 2.82 | I8: =ROUND(AVERAGE('Form responses 1'!G2:G18),2) -> 2.65 | J8: =ROUND(AVERAGE('Form responses 1'!H2:H18),2) -> 2.41 | K8: =ROUND(AVERAGE('Form responses 1'!I2:I18),2) -> 2.53 | ... M8: =ROUND(AVERAGE('Form responses 1'!K2:K18),2) -> 3.12
C9: Scenario B | D9: =ROUND(AVERAGE('Form responses 1'!L2:L18),2) -> 4.53 | E9: =ROUND(AVERAGE('Form responses 1'!M2:M18),2) -> 4.47 | F9: =ROUND(AVERAGE('Form responses 1'!N2:N18),2) -> 4.29 | G9: =ROUND(AVERAGE('Form responses 1'!O2:O18),2) -> 4.53 | H9: =ROUND(AVERAGE('Form responses 1'!P2:P18),2) -> 4.59 | I9: =ROUND(AVERAGE('Form responses 1'!Q2:Q18),2) -> 4.59 | J9: =ROUND(AVERAGE('Form responses 1'!R2:R18),2) -> 4.71 | K9: =ROUND(AVERAGE('Form responses 1'!S2:S18),2) -> 4.65 | ... M9: =ROUND(AVERAGE('Form responses 1'!U2:U18),2) -> 4.53
C10: Difference | D10: =D9-D8 -> 0.88 | E10: =E9-E8 -> 1.94 | F10: =F9-F8 -> 1.7 | G10: =G9-G8 -> 2.12 | H10: =H9-H8 -> 1.77 | I10: =I9-I8 -> 1.94 | J10: =J9-J8 -> 2.3 | K10: =K9-K8 -> 2.12 | ... M10: =M9-M8 -> 1.41

Sheet SUS Score
B1: Q1 | C1: Q2 | D1: Q3 | E1: Q4 | F1: Q5 | G1: Q6 | H1: Q7 | I1: Q8 | J1: Q9 | K1: Q10
A2: p1 | B2: 5 | C2: 2 | D2: 5 | E2: 1 | F2: 4 | G2: 1 | H2: 5 | I2: 1 | J2: 5 | K2: 1 | L2: =((B2-1)+(5-C2)+(D2-1)+(5-E2)+(F2-1)+(5-G2)+(H2-1)+(5-I2)+(J2-1)+(5-K2))*2.5 -> 95
A3: p2 | B3: 4 | C3: 2 | D3: 5 | E3: 1 | F3: 4 | G3: 1 | H3: 5 | I3: 2 | J3: 5 | K3: 1 | L3: =((B3-1)+(5-C3)+(D3-1)+(5-E3)+(F3-1)+(5-G3)+(H3-1)+(5-I3)+(J3-1)+(5-K3))*2.5 -> 90
A4: p3 | B4: 4 | C4: 1 | D4: 5 | E4: 1 | F4: 5 | G4: 1 | H4: 4 | I4: 1 | J4: 5 | K4: 1 | L4: =((B4-1)+(5-C4)+(D4-1)+(5-E4)+(F4-1)+(5-G4)+(H4-1)+(5-I4)+(J4-1)+(5-K4))*2.5 -> 95
A5: p4 | B5: 5 | C5: 1 | D5: 5 | E5: 2 | F5: 5 | G5: 1 | H5: 4 | I5: 1 | J5: 5 | K5: 2 | L5: =((B5-1)+(5-C5)+(D5-1)+(5-E5)+(F5-1)+(5-G5)+(H5-1)+(5-I5)+(J5-1)+(5-K5))*2.5 -> 92.5
A6: p5 | B6: 5 | C6: 1 | D6: 5 | E6: 1 | F6: 5 | G6: 1 | H6: 5 | I6: 1 | J6: 5 | K6: 1 | L6: =((B6-1)+(5-C6)+(D6-1)+(5-E6)+(F6-1)+(5-G6)+(H6-1)+(5-I6)+(J6-1)+(5-K6))*2.5 -> 100
A7: p6 | B7: 5 | C7: 1 | D7: 5 | E7: 1 | F7: 5 | G7: 1 | H7: 5 | I7: 1 | J7: 5 | K7: 1 | L7: =((B7-1)+(5-C7)+(D7-1)+(5-E7)+(F7-1)+(5-G7)+(H7-1)+(5-I7)+(J7-1)+(5-K7))*2.5 -> 100
A8: p7 | B8: 4 | C8: 1 | D8: 5 | E8: 1 | F8: 4 | G8: 1 | H8: 4 | I8: 1 | J8: 4 | K8: 2 | L8: =((B8-1)+(5-C8)+(D8-1)+(5-E8)+(F8-1)+(5-G8)+(H8-1)+(5-I8)+(J8-1)+(5-K8))*2.5 -> 87.5
A9: p8 | B9: 4 | C9: 1 | D9: 5 | E9: 1 | F9: 5 | G9: 1 | H9: 5 | I9: 1 | J9: 5 | K9: 1 | L9: =((B9-1)+(5-C9)+(D9-1)+(5-E9)+(F9-1)+(5-G9)+(H9-1)+(5-I9)+(J9-1)+(5-K9))*2.5 -> 97.5
A10: p9 | B10: 4 | C10: 1 | D10: 5 | E10: 1 | F10: 5 | G10: 1 | H10: 4 | I10: 1 | J10: 5 | K10: 1 | L10: =((B10-1)+(5-C10)+(D10-1)+(5-E10)+(F10-1)+(5-G10)+(H10-1)+(5-I10)+(J10-1)+(5-K10))*2.5 -> 95
A11: p10 | B11: 5 | C11: 1 | D11: 4 | E11: 1 | F11: 5 | G11: 1 | H11: 4 | I11: 1 | J11: 4 | K11: 1 | L11: =((B11-1)+(5-C11)+(D11-1)+(5-E11)+(F11-1)+(5-G11)+(H11-1)+(5-I11)+(J11-1)+(5-K11))*2.5 -> 92.5
A12: p11 | B12: 5 | C12: 1 | D12: 5 | E12: 1 | F12: 5 | G12: 1 | H12: 5 | I12: 1 | J12: 5 | K12: 1 | L12: =((B12-1)+(5-C12)+(D12-1)+(5-E12)+(F12-1)+(5-G12)+(H12-1)+(5-I12)+(J12-1)+(5-K12))*2.5 -> 100
A13: p12 | B13: 5 | C13: 1 | D13: 5 | E13: 1 | F13: 5 | G13: 1 | H13: 5 | I13: 1 | J13: 5 | K13: 1 | L13: =((B13-1)+(5-C13)+(D13-1)+(5-E13)+(F13-1)+(5-G13)+(H13-1)+(5-I13)+(J13-1)+(5-K13))*2.5 -> 100
... A18: p17 | B18: 3 | C18: 1 | D18: 5 | E18: 2 | F18: 5 | G18: 2 | H18: 5 | I18: 1 | J18: 5 | K18: 1 | L18: =((B18-1)+(5-C18)+(D18-1)+(5-E18)+(F18-1)+(5-G18)+(H18-1)+(5-I18)+(J18-1)+(5-K18))*2.5 -> 90
L19: =ROUND(AVERAGE(L2:L18),2) -> 90.74
G25: Metric | H25: Value
G26: Average SUS Score | H26: 90.74
G27: Minimum SUS Score | H27: 40
G28: Maximum SUS Score | H28: 100
